t(s),Total retention volume 6,Total retention volume 7,Total retention volume 8,Total solute volume 6,Total solute volume 7,Total solute volume 8,Flux surface 10: solute,Flux surface 11: solute,Flux surface 12: solute,Flux surface 14: solute,Flux surface 13: solute,Average T surface 10,Flux surface 15: solute
100000.0,1124445481787324.5,44734412370068.4,336185431387876.9,276645141342681.9,44732861365567.37,321861562191523.4,-276310728.305854,4966982252.81221,-187523572.77042073,-1.65423597986585e-21,-72122970018.07343,397.711416366669,182760634.2934571
