t(s),Total retention volume 6,Total retention volume 7,Total retention volume 8,Flux surface 10: solute,Flux surface 11: solute,Flux surface 12: solute,Flux surface 14: solute,Flux surface 13: solute
10000.0,494943168910090.9,1544472247893.6045,3138726882418.378,-9830867.476835389,5088378874.911397,6984777.457044978,-1.2233748530284455e-32,-63029826035.289444
