t(s),Total retention volume 6,Total retention volume 7,Total retention volume 8,Total solute volume 6,Total solute volume 7,Total solute volume 8,Flux surface 10: solute,Flux surface 11: solute,Flux surface 13: solute,Flux surface 12: solute,Average T surface 10,Flux surface 14: solute
10000.0,495306750436759.56,1442694520100.186,2884227678869.9287,203978664739235.22,1442647408630.5222,2802665158451.536,-7756758.019522671,5660555461.121355,8.762076619507924e-35,-69183742119.63785,397.7113622977678,10567769.93365456
