t(s),Total retention volume 6,Total retention volume 7,Total retention volume 8,Flux surface 10: solute,Flux surface 11: solute,Flux surface 12: solute,Flux surface 14: solute,Flux surface 13: solute
10000.0,540616778671300.8,2388316133693.589,4988622978657.548,-19698242.78910962,-207815787887.2568,-2186894.617673763,2.055531439204583e-31,-89090672865.35597
