t(s),Total retention volume 6,Total retention volume 7,Total retention volume 8,Total solute volume 6,Total solute volume 7,Total solute volume 8,Flux surface 10: solute,Flux surface 11: solute,Flux surface 12: solute,Flux surface 14: solute,Flux surface 13: solute,Average T surface 10,Flux surface 15: solute
100000.0,985081492494313.5,37380194303336.02,239698014619726.72,304016145337430.0,37378957679391.11,231063625705956.38,-218700230.0215556,-237878520995.04727,-889723898.6708984,1.0509878553930371e-21,-104554631421.8733,402.239202919322,-232593844.45022044
