t(s),Total retention volume 6,Total retention volume 7,Total retention volume 8,Total solute volume 6,Total solute volume 7,Total solute volume 8,Flux surface 10: solute,Flux surface 11: solute,Flux surface 12: solute,Flux surface 14: solute,Flux surface 13: solute,Average T surface 10,Flux surface 15: solute
0,5492763736403183.0,4332233978801670.0,1.9759488473108928e+17,226860774908021.5,4331966839883795.5,1.4469470878602355e+17,-9197032898.92012,9028657779.32998,-554689749.9287102,-62.842229803391916,-50829466682.971664,392.73067810115657,1580747582.9805527
