t(s),Total retention volume 6,Total retention volume 7,Total retention volume 8,Flux surface 10: solute,Flux surface 11: solute,Flux surface 12: solute,Flux surface 14: solute,Flux surface 13: solute
10000.0,5.604318596223866e+17,4649786703838116.0,2.0817584643451763e+17,-11126887676.490864,10623034572.71681,1922884639.5601559,-258.741320635253,1841417410.527106
