t(s),Total retention volume 6,Total retention volume 7,Total retention volume 8,Total solute volume 6,Total solute volume 7,Total solute volume 8,Flux surface 10: solute,Flux surface 11: solute,Flux surface 13: solute,Flux surface 12: solute,Average T surface 10,Flux surface 14: solute
10000.0,641532721038206.4,2611799463041.4272,5426350494759.519,268775864517736.0,2611721185691.1475,5292664921670.714,-15708872.391024102,3757615428.9270935,1.0375989680610499e-32,-94725992921.20564,400.4783834681414,14680092.155157255
