t(s),Total retention volume 6,Total retention volume 7,Total retention volume 8,Flux surface 10: solute,Flux surface 11: solute,Flux surface 12: solute,Flux surface 14: solute,Flux surface 13: solute
10000.0,640601932432413.6,2759393971712.8438,5832365373261.189,-21080342.96668695,2731070369.169906,12600585.282676615,-4.1296938992622856e-32,-74867491623.05443
