t(s),Total retention volume 6,Total retention volume 7,Total retention volume 8,Total solute volume 6,Total solute volume 7,Total solute volume 8,Flux surface 10: solute,Flux surface 11: solute,Flux surface 13: solute,Flux surface 12: solute,Average T surface 10,Flux surface 14: solute
10000.0,641532720702989.6,2611304287222.7407,5426846015507.401,268775864507843.56,2611221086345.195,5287282797961.547,-15703185.88747833,3757615860.978511,1.0344505864993416e-32,-94725992921.20375,400.4783834681414,14679125.462482618
