t(s),Total retention volume 6,Total retention volume 7,Total retention volume 8,Total solute volume 6,Total solute volume 7,Total solute volume 8,Flux surface 10: solute,Flux surface 11: solute,Flux surface 12: solute,Flux surface 14: solute,Flux surface 13: solute,Average T surface 10
0,5761240457666007.0,4144232249794410.5,1.49624934622182e+17,469600199667883.8,4144010826200220.0,8.816922169867486e+16,-17647728453.16485,8190405581.670264,1339072722.8534856,-174.20461585582245,-129051255513.51031,410.16315649996494
