t(s),Total retention volume 6,Total retention volume 7,Total retention volume 8,Total solute volume 6,Total solute volume 7,Total solute volume 8,Flux surface 10: solute,Flux surface 11: solute,Flux surface 13: solute,Flux surface 12: solute,Average T surface 10,Flux surface 14: solute
10000.0,117814597241387.1,73456689052.2871,115613815444.89622,62224527322453.19,73454191863.0894,111820444290.59515,-264376.0837067424,-191114894827.48038,-1.5357084372079435e-36,-29305447182.373962,392.7307519834665,-316002.86178329156
