t(s),Total retention volume 6,Total retention volume 7,Total retention volume 8,Flux surface 10: solute,Flux surface 11: solute,Flux surface 12: solute,Flux surface 14: solute,Flux surface 13: solute
10000.0,116383616369843.5,75122858157.62256,119861971261.20358,-329647.2616978351,-166988761003.56015,-222653.8434194131,1.4818499176645823e-35,-25732047442.8212
