t(s),Total retention volume 6,Total retention volume 7,Total retention volume 8,Total solute volume 6,Total solute volume 7,Total solute volume 8,Flux surface 10: solute,Flux surface 11: solute,Flux surface 13: solute,Flux surface 12: solute,Average T surface 10,Flux surface 14: solute
10000.0,117814597246310.23,73465669140.35905,115583842926.47125,62224527322537.945,73463323895.14714,111953517237.3036,-264559.57623991667,-191114895860.90216,-1.5397921771541052e-36,-29305447182.373962,392.7307519834665,-316503.3197115216
