t(s),Total retention volume 6,Total retention volume 7,Total retention volume 8,Total solute volume 6,Total solute volume 7,Total solute volume 8,Flux surface 10: solute,Flux surface 11: solute,Flux surface 12: solute,Flux surface 14: solute,Flux surface 13: solute,Average T surface 10,Flux surface 15: solute
0,2457665419842413.5,113643413294801.5,2323486314397259.5,281932060965360.75,113638764639082.3,1464037004672686.5,-249355072.94397092,-236731140180.77145,-2620220044.726607,-0.8747476849057253,-90288888694.1206,401.4470941574735,-1105459652.1831393
