t(s),Total retention volume 6,Total retention volume 7,Total retention volume 8,Total solute volume 6,Total solute volume 7,Total solute volume 8,Flux surface 10: solute,Flux surface 11: solute,Flux surface 12: solute,Flux surface 14: solute,Flux surface 13: solute,Average T surface 10,Flux surface 15: solute
0,2451229364224831.0,113643411821146.19,2323485988921405.5,281932014667199.75,113638763165635.25,1464036943480860.5,-249355072.95337453,-236731140174.85422,-2620220044.221632,-12.49257198373852,-90288888689.82951,401.4470941574735,-1105459651.240662
