t(s),Total retention volume 6,Total retention volume 7,Total retention volume 8,Total solute volume 6,Total solute volume 7,Total solute volume 8,Flux surface 10: solute,Flux surface 11: solute,Flux surface 12: solute,Flux surface 14: solute,Flux surface 13: solute,Average T surface 10
0,2886172174034697.5,2069215887271427.5,7.479728502335206e+16,234791014448235.9,2069105281914823.8,4.407195327164142e+16,-8767981777.38497,6885521153.883239,1184873132.5507288,-87.34742023240548,-65221446568.56291,410.16343997933325
