t(s),Total retention volume 6,Total retention volume 7,Total retention volume 8,Total solute volume 6,Total solute volume 7,Total solute volume 8,Flux surface 10: solute,Flux surface 11: solute,Flux surface 12: solute,Flux surface 14: solute,Flux surface 13: solute,Average T surface 10
0,3471353329443581.5,2486879274865544.0,8.981330765367085e+16,281725002685737.1,2486746377291469.5,5.29296689835797e+16,-10501158576.60086,6578348652.465819,1246439779.7707143,-105.31864848034,-76513274367.31952,410.16332663909355
