t(s),Total retention volume 6,Total retention volume 7,Total retention volume 8,Total solute volume 6,Total solute volume 7,Total solute volume 8,Flux surface 10: solute,Flux surface 11: solute,Flux surface 12: solute,Flux surface 14: solute,Flux surface 13: solute,Average T surface 10
0,2323525396462678.5,1660639810838842.5,5.998272484475698e+16,187805744480523.6,1660551043755341.8,3.536764770959399e+16,-7236346739.1893215,7690138140.559566,1283375851.3463924,-70.77089692210389,-52375763972.572075,410.1634918741686
