t(s),Total retention volume 6,Total retention volume 7,Total retention volume 8,Total solute volume 6,Total solute volume 7,Total solute volume 8,Flux surface 10: solute,Flux surface 11: solute,Flux surface 12: solute,Flux surface 14: solute,Flux surface 13: solute,Average T surface 10,Flux surface 15: solute
0,1861241378423682.0,70119591182104.55,1275148411788218.0,235152470363362.9,70116782987734.516,856453373679498.2,-137268442.8070226,-215247534599.5154,-2029170631.494243,-6.4713182121537685,-79238882244.57741,400.4783772314533,-843940772.3434583
