t(s),Total retention volume 6,Total retention volume 7,Total retention volume 8,Total solute volume 6,Total solute volume 7,Total solute volume 8,Flux surface 10: solute,Flux surface 11: solute,Flux surface 12: solute,Flux surface 14: solute,Flux surface 13: solute,Average T surface 10,Flux surface 15: solute
0,1864336827007292.0,70119591769777.44,1275148535773773.5,235152492170855.5,70116783575325.01,856453396484601.2,-137268442.79966545,-215247534602.98596,-2029170631.7101903,-0.5173709962627056,-79238882246.58759,400.4783772314533,-843940772.7607203
