t(s),Total retention volume 6,Total retention volume 7,Total retention volume 8,Total solute volume 6,Total solute volume 7,Total solute volume 8,Flux surface 10: solute,Flux surface 11: solute,Flux surface 12: solute,Flux surface 14: solute,Flux surface 13: solute,Average T surface 10,Flux surface 15: solute
0,8347071979793619.0,6193210025825316.0,2.4760493457532525e+17,509236154469479.5,6192858676203983.0,1.5956284215804592e+17,-19539283439.666218,6528985716.938585,-784994668.6077795,-165.72838369916178,-126428821777.3728,402.239202919322,1702234801.7127728
