t(s),Total retention volume 6,Total retention volume 7,Total retention volume 8,Total solute volume 6,Total solute volume 7,Total solute volume 8,Flux surface 10: solute,Flux surface 11: solute,Flux surface 12: solute,Flux surface 14: solute,Flux surface 13: solute,Average T surface 10,Flux surface 15: solute
0,8502745919294243.0,6193210161399693.0,2.4760494450219776e+17,509237256459054.06,6192858811761772.0,1.5956285022015293e+17,-19539283533.312855,6528985717.331192,-784994669.7428217,-5.596844731040388,-126428821867.27257,402.239202919322,1702234810.0745323
