t(s),Total retention volume 6,Total retention volume 7,Total retention volume 8,Total solute volume 6,Total solute volume 7,Total solute volume 8,Flux surface 10: solute,Flux surface 11: solute,Flux surface 12: solute,Flux surface 14: solute,Flux surface 13: solute,Average T surface 10,Flux surface 15: solute
0,8347071979793589.0,6193210025825399.0,2.4760493457535165e+17,509236154469479.0,6192858676204070.0,1.5956284215804797e+17,-19539283439.67148,6528985716.934893,-784994668.6090187,-165.72838369916204,-126428821777.373,402.239202919322,1702234801.7119076
