t(s),Total retention volume 6,Total retention volume 7,Total retention volume 8,Total solute volume 6,Total solute volume 7,Total solute volume 8,Flux surface 10: solute,Flux surface 11: solute,Flux surface 13: solute,Flux surface 12: solute,Average T surface 10,Flux surface 14: solute
10000.0,835152326476369.6,4621570303742.309,9932013746112.295,377233472126541.2,4621436975193.672,9723117267876.568,-33483343.1551439,-231409336081.1603,-1.453235247137858e-33,-151568531166.53864,404.352333507543,-3605587.436111175
