t(s),Total retention volume 6,Total retention volume 7,Total retention volume 8,Total solute volume 6,Total solute volume 7,Total solute volume 8,Flux surface 10: solute,Flux surface 11: solute,Flux surface 13: solute,Flux surface 12: solute,Average T surface 10,Flux surface 14: solute
10000.0,835152325892150.8,4620754779507.255,9933049196510.928,377233472104040.44,4620613209718.057,9715079209414.623,-33477761.05737824,-231409324232.87302,-1.4477589887527477e-33,-151568531166.53177,404.352333507543,-3600901.360734256
