t(s),Total retention volume 6,Total retention volume 7,Total retention volume 8,Flux surface 10: solute,Flux surface 11: solute,Flux surface 12: solute,Flux surface 14: solute,Flux surface 13: solute
10000.0,833200189402359.6,4827807991028.945,10475886688358.395,-44010818.86167143,-199291544772.48093,-2517741.810336023,1.9118662850378816e-30,-134451906031.66443
