t(s),Total retention volume 6,Total retention volume 7,Total retention volume 8,Total solute volume 6,Total solute volume 7,Total solute volume 8,Flux surface 10: solute,Flux surface 11: solute,Flux surface 12: solute,Flux surface 14: solute,Flux surface 13: solute,Average T surface 10,Flux surface 15: solute
0,6911002214023568.0,5144100551467205.0,2.1359554155181904e+17,368270761605694.2,5143801336699975.0,1.4329600453823917e+17,-14001621306.929667,5876852237.453384,-336504808.7584316,-4.10854580570702,-87787837080.64687,399.26766865907825,1752523962.8848126
