t(s),Total retention volume 6,Total retention volume 7,Total retention volume 8,Total solute volume 6,Total solute volume 7,Total solute volume 8,Flux surface 10: solute,Flux surface 11: solute,Flux surface 12: solute,Flux surface 14: solute,Flux surface 13: solute,Average T surface 10,Flux surface 15: solute
0,6788244434590792.0,5144100452098969.0,2.1359553439249584e+17,368269958860184.4,5143801237343802.0,1.4329599841347157e+17,-14001621238.940014,5876852237.085897,-336504808.8007274,-114.23814668523835,-87787837019.05765,399.26766865907825,1752523953.6767337
