t(s),Total retention volume 6,Total retention volume 7,Total retention volume 8,Total solute volume 6,Total solute volume 7,Total solute volume 8,Flux surface 10: solute,Flux surface 11: solute,Flux surface 12: solute,Flux surface 14: solute,Flux surface 13: solute,Average T surface 10
0,272632909467072.84,6753749324377.821,69278062071520.375,89887640934626.66,6753521676339.776,57429135597365.05,-16685016.51689894,-234996806536.86343,-789268917.618677,-0.1250499632618839,-43608676024.17645,410.16343997933325
