t(s),Total retention volume 6,Total retention volume 7,Total retention volume 8,Total solute volume 6,Total solute volume 7,Total solute volume 8,Flux surface 10: solute,Flux surface 11: solute,Flux surface 13: solute,Flux surface 12: solute,Average T surface 10
10000.0,362681295532144.9,3455765433619.26,7936833153549.619,160992127475064.03,3455669351960.1934,7792096027808.693,-29488430.599950064,4187027571.8047667,1.1537020922444328e-32,-60824458761.812935,410.1634399793333
