t(s),Total retention volume 6,Total retention volume 7,Total retention volume 8,Total solute volume 6,Total solute volume 7,Total solute volume 8,Flux surface 10: solute,Flux surface 11: solute,Flux surface 13: solute,Flux surface 12: solute,Average T surface 10
10000.0,362681295048870.2,3455145449648.2373,7937453733331.417,160992127450452.2,3455043531347.6357,7786508922491.402,-29485954.15019903,4187026409.856173,1.1509075264629059e-32,-60824458761.79509,410.1634399793333
