t(s),Total retention volume 6,Total retention volume 7,Total retention volume 8,Total solute volume 6,Total solute volume 7,Total solute volume 8,Flux surface 10: solute,Flux surface 11: solute,Flux surface 13: solute,Flux surface 12: solute,Average T surface 10,Flux surface 14: solute
10000.0,394849180691264.9,1252717796586.8896,2484875470376.075,184045113671074.2,1252678112329.7622,2422891549609.7236,-7454457.6159568075,-203679810769.76102,5.2785365828068346e-33,-76795482433.43279,400.4783834681414,-2495954.78788851
