t(s),Total retention volume 6,Total retention volume 7,Total retention volume 8,Total solute volume 6,Total solute volume 7,Total solute volume 8,Flux surface 10: solute,Flux surface 11: solute,Flux surface 12: solute,Flux surface 14: solute,Flux surface 13: solute,Average T surface 10,Flux surface 15: solute
100000.0,688291299070520.8,19830922267211.65,125319603206339.12,219945370781949.22,19830258702775.348,120621245584936.61,-107820787.27082413,-213058207309.85703,-692488450.2832023,3.627505664901185e-21,-78676883222.3116,400.4783772314533,-177128404.78777862
