t(s),Total retention volume 6,Total retention volume 7,Total retention volume 8,Total solute volume 6,Total solute volume 7,Total solute volume 8,Flux surface 10: solute,Flux surface 11: solute,Flux surface 13: solute,Flux surface 12: solute,Average T surface 10,Flux surface 14: solute
10000.0,394849180826725.25,1252923244740.85,2484526722422.3384,184045113675070.75,1252885904015.136,2425150386476.561,-7456506.319911341,-203679818377.33194,5.29431954136646e-33,-76795482433.43317,400.4783834681414,-2499210.8681991682
