t(s),Total retention volume 6,Total retention volume 7,Total retention volume 8,Total solute volume 6,Total solute volume 7,Total solute volume 8,Flux surface 10: solute,Flux surface 11: solute,Flux surface 13: solute,Flux surface 12: solute,Average T surface 10,Flux surface 14: solute
10000.0,714167524619456.1,3198829953734.495,6749580600295.17,300888185651184.7,3198728911035.881,6581571929731.456,-20580710.745406095,3798505172.016587,-1.9126599374550398e-33,-107408591111.53278,401.4469788015981,15392404.598418832
