t(s),Total retention volume 6,Total retention volume 7,Total retention volume 8,Total solute volume 6,Total solute volume 7,Total solute volume 8,Flux surface 10: solute,Flux surface 11: solute,Flux surface 13: solute,Flux surface 12: solute,Average T surface 10,Flux surface 14: solute
10000.0,714167525029332.2,3199436606358.352,6748973522376.432,300888185664175.56,3199341521265.5835,6588023455387.381,-20587410.86951858,3798504878.6639686,-1.9176073714367476e-33,-107408591111.53604,401.4469788015981,15393463.231531529
