t(s),Total retention volume 6,Total retention volume 7,Total retention volume 8,Flux surface 10: solute,Flux surface 11: solute,Flux surface 12: solute,Flux surface 14: solute,Flux surface 13: solute
10000.0,713246078159424.2,3427734861776.46,7335741428529.973,-26488201.12517212,3453421672.2226863,16221524.580921048,-1.579308140828502e-31,-96383588744.34152
