t(s),Total retention volume 6,Total retention volume 7,Total retention volume 8,Total solute volume 6,Total solute volume 7,Total solute volume 8,Flux surface 10: solute,Flux surface 11: solute,Flux surface 12: solute,Flux surface 14: solute,Flux surface 13: solute,Average T surface 10
0,5199683610807104.0,3728129247170385.0,1.3459433861751491e+17,422679407564019.3,3727930069540459.5,7.930256618915611e+16,-16031461134.956774,6547769255.657125,1395851124.3619134,-157.3373389468871,-112975006014.00713,410.1632091278585
