t(s),Total retention volume 6,Total retention volume 7,Total retention volume 8,Total solute volume 6,Total solute volume 7,Total solute volume 8,Flux surface 10: solute,Flux surface 11: solute,Flux surface 12: solute,Flux surface 14: solute,Flux surface 13: solute,Average T surface 10
0,127504187608968.36,1865590579032.007,15398113940327.395,57109877528148.75,1865530408905.8435,13692935822387.557,-5314145.0290635815,-211538086237.0905,-353039967.55845416,-0.006088066063529235,-32543286770.949493,410.1634918741686
