t(s),Total retention volume 6,Total retention volume 7,Total retention volume 8,Total solute volume 6,Total solute volume 7,Total solute volume 8,Flux surface 10: solute,Flux surface 11: solute,Flux surface 13: solute,Flux surface 12: solute,Average T surface 10,Flux surface 14: solute
10000.0,1077630594993620.6,6468082192004.578,14136734003299.74,462291421576343.9,6467882919916.3955,13817533027061.164,-46887250.984651975,4105405624.3289723,-3.495587962884267e-33,-167959367365.22577,404.352333507543,16993655.072139777
