t(s),Total retention volume 6,Total retention volume 7,Total retention volume 8,Flux surface 10: solute,Flux surface 11: solute,Flux surface 12: solute,Flux surface 14: solute,Flux surface 13: solute
10000.0,1076103692810542.4,6765239972893.366,14956965909861.723,-61144344.477569565,4695678518.980503,16648885.186026711,2.5701499498971663e-30,-149725247780.29053
