t(s),Total retention volume 6,Total retention volume 7,Total retention volume 8,Total solute volume 6,Total solute volume 7,Total solute volume 8,Flux surface 10: solute,Flux surface 11: solute,Flux surface 13: solute,Flux surface 12: solute,Average T surface 10,Flux surface 14: solute
10000.0,1077630595863624.6,6469291476836.213,14135523782101.617,462291421609342.7,6469103831049.274,13829634473425.443,-46897287.13786882,4105405271.402667,-3.507267006742894e-33,-167959367365.23767,404.352333507543,16994738.375947565
