t(s),Total retention volume 6,Total retention volume 7,Total retention volume 8,Total solute volume 6,Total solute volume 7,Total solute volume 8,Flux surface 10: solute,Flux surface 11: solute,Flux surface 12: solute,Flux surface 14: solute,Flux surface 13: solute,Average T surface 10
0,828628696742299.6,35789280146232.92,523769685868853.06,169009611083967.2,35787975896461.24,373150814644933.7,-94259690.5073816,-215576364251.7835,-2078623358.4647882,-2.8539114416951175,-64919663345.35049,410.1632560140612
