t(s),Total retention volume 6,Total retention volume 7,Total retention volume 8,Total solute volume 6,Total solute volume 7,Total solute volume 8,Flux surface 10: solute,Flux surface 11: solute,Flux surface 13: solute,Flux surface 12: solute,Average T surface 10
10000.0,349241991904519.2,2385203526765.6025,5308963932215.731,173001088028148.28,2385133354721.5283,5208569605593.537,-20993606.594664253,-228436770878.75903,-9.131561207613599e-33,-67114079333.78472,410.16360718732307
