t(s),Total retention volume 6,Total retention volume 7,Total retention volume 8,Total solute volume 6,Total solute volume 7,Total solute volume 8,Flux surface 10: solute,Flux surface 11: solute,Flux surface 13: solute,Flux surface 12: solute,Average T surface 10
10000.0,349241992164843.06,2385547755979.6904,5308322376318.805,173001088040790.56,2385481600038.5947,5212058994009.098,-20994618.530778784,-228436790093.207,-9.155377331483239e-33,-67114079333.78807,410.16360718732307
