t(s),Total retention volume 6,Total retention volume 7,Total retention volume 8,Total solute volume 6,Total solute volume 7,Total solute volume 8,Flux surface 10: solute,Flux surface 11: solute,Flux surface 12: solute,Flux surface 14: solute,Flux surface 13: solute,Average T surface 10,Flux surface 15: solute
0,6320321775247613.0,4827487630690086.0,2.0460623217411722e+17,321354416305041.75,4827203056367459.0,1.4017881637110448e+17,-12548027939.397614,5847057601.078144,-335617516.2392769,-96.86925811783055,-73874910866.23227,397.711416366669,1884163989.615683
