t(s),Total retention volume 6,Total retention volume 7,Total retention volume 8,Total solute volume 6,Total solute volume 7,Total solute volume 8,Flux surface 10: solute,Flux surface 11: solute,Flux surface 12: solute,Flux surface 14: solute,Flux surface 13: solute,Average T surface 10,Flux surface 15: solute
0,6431924446570232.0,4827487717927177.0,2.0460623842927312e+17,321355116440260.25,4827203143593980.0,1.4017882184526435e+17,-12548028000.972372,5847057601.404665,-335617516.1822966,-3.4055463888806834,-73874910918.11313,397.711416366669,1884163999.1602006
