t(s),Total retention volume 6,Total retention volume 7,Total retention volume 8,Total solute volume 6,Total solute volume 7,Total solute volume 8,Flux surface 10: solute,Flux surface 11: solute,Flux surface 12: solute,Flux surface 14: solute,Flux surface 13: solute,Average T surface 10,Flux surface 15: solute
0,5566229012368548.0,584028225078087.1,1.775968729714914e+16,518869620162676.5,584002105381126.8,9085305991689854.0,-1338111789.1637006,-239220036564.86563,-5624892556.019091,-69.11217280225247,-162574638765.58383,404.35224265310666,-2616964229.3371744
