t(s),Total retention volume 6,Total retention volume 7,Total retention volume 8,Total solute volume 6,Total solute volume 7,Total solute volume 8,Flux surface 10: solute,Flux surface 11: solute,Flux surface 12: solute,Flux surface 14: solute,Flux surface 13: solute,Average T surface 10,Flux surface 15: solute
0,5609230808664761.0,584028242644751.2,1.7759691266625496e+16,518869950200509.25,584002122945427.2,9085306857909138.0,-1338111789.3463018,-239220036583.05283,-5624892561.348791,-3.3876158426129814,-162574638795.88342,404.35224265310666,-2616964237.0607677
