t(s),Total retention volume 6,Total retention volume 7,Total retention volume 8,Total solute volume 6,Total solute volume 7,Total solute volume 8,Flux surface 10: solute,Flux surface 11: solute,Flux surface 13: solute,Flux surface 12: solute,Average T surface 10
10000.0,1015285349068934.9,9734099583121.621,22435067908890.52,450883886471958.0,9733829039587.424,22026278373126.438,-87092058.6624098,3596006598.765066,-1.234275780264823e-31,-167118743830.61914,410.16327094760965
