t(s),Total retention volume 6,Total retention volume 7,Total retention volume 8,Total solute volume 6,Total solute volume 7,Total solute volume 8,Flux surface 10: solute,Flux surface 11: solute,Flux surface 13: solute,Flux surface 12: solute,Average T surface 10
10000.0,1015285347689134.2,9732343387353.781,22436825805232.316,450883886401335.1,9732056412381.494,22010504929922.42,-87084492.18875831,3596005276.0942426,-1.2299574688738339e-31,-167118743830.56885,410.16327094760965
