t(s),Total retention volume 6,Total retention volume 7,Total retention volume 8,Total solute volume 6,Total solute volume 7,Total solute volume 8,Flux surface 10: solute,Flux surface 11: solute,Flux surface 13: solute,Flux surface 12: solute,Average T surface 10
10000.0,492884432271238.7,3727051187810.3716,8390272847230.951,236998465931521.8,3726947777846.562,8238005548266.537,-31836300.700030383,-242614660285.80334,5.784098387768756e-32,-103343584841.69931,410.16315649996494
