t(s),Total retention volume 6,Total retention volume 7,Total retention volume 8,Total solute volume 6,Total solute volume 7,Total solute volume 8,Flux surface 10: solute,Flux surface 11: solute,Flux surface 13: solute,Flux surface 12: solute,Average T surface 10
10000.0,492884431833220.25,3726473118642.44,8391177558906.572,236998465909761.97,3726363430650.5874,8232377739760.75,-31834602.76148959,-242614638923.11288,5.766439960835835e-32,-103343584841.69093,410.16315649996494
