t(s),Total retention volume 6,Total retention volume 7,Total retention volume 8,Flux surface 10: solute,Flux surface 11: solute,Flux surface 12: solute,Flux surface 14: solute,Flux surface 13: solute
10000.0,321450882515266.7,892694192004.8947,1738708337891.2158,-6243268.418939474,-219850033641.48962,-1352986.6722485614,-1.0905009946604502e-32,-62359988576.0073
