t(s),Total retention volume 6,Total retention volume 7,Total retention volume 8,Total solute volume 6,Total solute volume 7,Total solute volume 8,Flux surface 10: solute,Flux surface 11: solute,Flux surface 13: solute,Flux surface 12: solute,Average T surface 10,Flux surface 14: solute
10000.0,322021667580508.0,831601343928.1311,1600399552588.0266,152280433071952.6,831576297740.349,1560503907323.2446,-4842651.263221537,-228389433251.17896,5.362719761230868e-34,-67337628501.62318,399.2678211165716,-2053858.3611829272
