t(s),Total retention volume 6,Total retention volume 7,Total retention volume 8,Total solute volume 6,Total solute volume 7,Total solute volume 8,Flux surface 10: solute,Flux surface 11: solute,Flux surface 13: solute,Flux surface 12: solute,Average T surface 10,Flux surface 14: solute
10000.0,322021667496890.7,831469636919.4391,1600648544876.533,152280433069672.75,831443011080.6322,1558994534390.0515,-4841082.804115138,-228389427077.49573,5.34580475110108e-34,-67337628501.623085,399.2678211165716,-2051127.231916812
