t(s),Total retention volume 6,Total retention volume 7,Total retention volume 8,Total solute volume 6,Total solute volume 7,Total solute volume 8,Flux surface 10: solute,Flux surface 11: solute,Flux surface 12: solute,Flux surface 14: solute,Flux surface 13: solute,Average T surface 10,Flux surface 15: solute
0,7823754446537201.0,5829095492326214.0,2.3540988078584694e+17,462387159483603.2,5828762607223539.0,1.5331547497890925e+17,-17956206226.53113,6265896001.741391,-673914731.0879323,-148.39759912074106,-111597270911.75214,401.4470941574735,1631328254.0563972
