t(s),Total retention volume 6,Total retention volume 7,Total retention volume 8,Total solute volume 6,Total solute volume 7,Total solute volume 8,Flux surface 10: solute,Flux surface 11: solute,Flux surface 12: solute,Flux surface 14: solute,Flux surface 13: solute,Average T surface 10,Flux surface 15: solute
0,7968150758576678.0,5829095615609800.0,2.3540988976749574e+17,462388160322318.0,5828762730492031.0,1.533154823807905e+17,-17956206312.354137,6265896002.149295,-673914731.8824798,-5.156011177059119,-111597270992.05746,401.4470941574735,1631328262.0417297
