t(s),Total retention volume 6,Total retention volume 7,Total retention volume 8,Total solute volume 6,Total solute volume 7,Total solute volume 8,Flux surface 10: solute,Flux surface 11: solute,Flux surface 13: solute,Flux surface 12: solute,Average T surface 10,Flux surface 14: solute
10000.0,568488593909526.6,2030515229031.999,4150104977784.4766,236383457968444.7,2030453741136.0212,4043537606679.9023,-12180002.884321623,6122079018.141774,1.8867569089870165e-33,-83722537907.1779,399.2678211165716,13091174.726929788
