t(s),Total retention volume 6,Total retention volume 7,Total retention volume 8,Total solute volume 6,Total solute volume 7,Total solute volume 8,Flux surface 10: solute,Flux surface 11: solute,Flux surface 13: solute,Flux surface 12: solute,Average T surface 10,Flux surface 14: solute
10000.0,568488593654244.5,2030128098650.5686,4150492368825.634,236383457961450.3,2030062725031.138,4039224848158.057,-12174763.015654052,6122079466.107155,1.8808604931631594e-33,-83722537907.1767,399.2678211165716,13090276.402225723
