t(s),Total retention volume 6,Total retention volume 7,Total retention volume 8,Total solute volume 6,Total solute volume 7,Total solute volume 8,Flux surface 10: solute,Flux surface 11: solute,Flux surface 12: solute,Flux surface 14: solute,Flux surface 13: solute,Average T surface 10,Flux surface 15: solute
100000.0,1266341252670309.5,56435733861844.016,416792513733833.5,319067692578015.94,56433801687348.49,399793398346470.94,-350417777.5861933,5065915085.218262,-216008858.66005898,1.1464757704650337e-20,-85790108216.03912,399.26766865907825,190151323.1680965
