t(s),Total retention volume 6,Total retention volume 7,Total retention volume 8,Total solute volume 6,Total solute volume 7,Total solute volume 8,Flux surface 10: solute,Flux surface 11: solute,Flux surface 12: solute,Flux surface 14: solute,Flux surface 13: solute,Average T surface 10
0,1224346195151433.5,64249820591998.19,1091496762883846.9,212735815667615.9,64247396476485.4,724594498862695.2,-182989689.80974224,-238580796742.15906,-2793179600.9552283,-6.88395716382258,-69409425301.70724,410.16360718732307
