t(s),Total retention volume 6,Total retention volume 7,Total retention volume 8,Total solute volume 6,Total solute volume 7,Total solute volume 8,Flux surface 10: solute,Flux surface 11: solute,Flux surface 13: solute,Flux surface 12: solute,Average T surface 10,Flux surface 14: solute
10000.0,786963174389382.0,3840872047210.9463,8177487743667.343,333197686176841.44,3840758626570.374,7987494507719.67,-24824230.054239076,6306923737.196166,-4.035314438055179e-34,-113948706930.70259,402.2395644028754,15370980.31443268
