t(s),Total retention volume 6,Total retention volume 7,Total retention volume 8,Total solute volume 6,Total solute volume 7,Total solute volume 8,Flux surface 10: solute,Flux surface 11: solute,Flux surface 13: solute,Flux surface 12: solute,Average T surface 10,Flux surface 14: solute
10000.0,786963173885652.4,3840146675822.2065,8178213641519.379,333197686160217.1,3840026169506.0376,7979905080130.413,-24816919.952545017,6306923782.453249,-4.017000536862156e-34,-113948706930.69836,402.2395644028754,15369929.384039098
