t(s),Total retention volume 6,Total retention volume 7,Total retention volume 8,Flux surface 10: solute,Flux surface 11: solute,Flux surface 12: solute,Flux surface 14: solute,Flux surface 13: solute
10000.0,786105475626731.5,4066774895330.2617,8788124629973.286,-33679436.61968764,2278896236.8486233,14319414.198341284,3.6982548039270383e-31,-105151650563.05629
