t(s),Total retention volume 6,Total retention volume 7,Total retention volume 8,Total solute volume 6,Total solute volume 7,Total solute volume 8,Flux surface 10: solute,Flux surface 11: solute,Flux surface 13: solute,Flux surface 12: solute,Average T surface 10
10000.0,278708200819744.94,1725995122746.391,3807106258246.2124,141249896491123.1,1725947290604.9915,3738199878277.9907,-14480924.504436946,-206451009126.0348,6.467318202803755e-33,-63307157900.77591,410.1632560140613
