t(s),Total retention volume 6,Total retention volume 7,Total retention volume 8,Total solute volume 6,Total solute volume 7,Total solute volume 8,Flux surface 10: solute,Flux surface 11: solute,Flux surface 13: solute,Flux surface 12: solute,Average T surface 10
10000.0,278708200648226.12,1725760090814.486,3807605196151.5713,141249896482818.38,1725709355526.9548,3735741621419.957,-14480459.892638931,-206450991693.28873,6.44613686938705e-33,-63307157900.77409,410.1632560140613
