t(s),Total retention volume 6,Total retention volume 7,Total retention volume 8,Total solute volume 6,Total solute volume 7,Total solute volume 8,Flux surface 10: solute,Flux surface 11: solute,Flux surface 12: solute,Flux surface 14: solute,Flux surface 13: solute,Average T surface 10,Flux surface 15: solute
0,3065983987372331.0,171867066514463.66,3897070469860968.5,329024918755772.75,171859891373556.53,2319419683065537.5,-376232815.93390405,-240285584885.65134,-3259071503.923363,-20.701250687443615,-105551323278.08781,402.239202919322,-1410875244.293356
