t(s),Total retention volume 6,Total retention volume 7,Total retention volume 8,Total solute volume 6,Total solute volume 7,Total solute volume 8,Flux surface 10: solute,Flux surface 11: solute,Flux surface 12: solute,Flux surface 14: solute,Flux surface 13: solute,Average T surface 10,Flux surface 15: solute
0,3077321726245785.0,171867069544280.88,3897071159153542.0,329025001729067.2,171859894402953.2,2319419815680913.5,-376232815.90948516,-240285584894.35345,-3259071504.9142814,-1.29723192187292,-105551323285.73158,402.239202919322,-1410875246.089911
