t(s),Total retention volume 6,Total retention volume 7,Total retention volume 8,Total solute volume 6,Total solute volume 7,Total solute volume 8,Flux surface 10: solute,Flux surface 11: solute,Flux surface 13: solute,Flux surface 12: solute,Average T surface 10
10000.0,435156060271363.4,4149685815322.562,9554791925369.412,193145699944588.62,4149570442182.8613,9380505341990.967,-35391118.94073892,4092914728.2785473,-7.533005670155492e-31,-71260541018.65839,410.16332663909355
