t(s),Total retention volume 6,Total retention volume 7,Total retention volume 8,Total solute volume 6,Total solute volume 7,Total solute volume 8,Flux surface 10: solute,Flux surface 11: solute,Flux surface 13: solute,Flux surface 12: solute,Average T surface 10
10000.0,435156059688716.2,4148937449298.4536,9555541009505.568,193145699914931.38,4148815067815.063,9373779182173.16,-35388206.5125849,4092913356.4107375,-7.509458107924386e-31,-71260541018.63712,410.16332663909355
