t(s),Total retention volume 6,Total retention volume 7,Total retention volume 8,Total solute volume 6,Total solute volume 7,Total solute volume 8,Flux surface 10: solute,Flux surface 11: solute,Flux surface 13: solute,Flux surface 12: solute,Average T surface 10
10000.0,420753687505977.06,3026283795815.294,6779326763618.692,204852745987516.53,3026194735933.9956,6651056059262.566,-25777719.987260893,-232863926661.67044,-5.117186555759065e-32,-86903221601.81264,410.1632091278585
