t(s),Total retention volume 6,Total retention volume 7,Total retention volume 8,Total solute volume 6,Total solute volume 7,Total solute volume 8,Flux surface 10: solute,Flux surface 11: solute,Flux surface 13: solute,Flux surface 12: solute,Average T surface 10
10000.0,420753687846516.8,3026738986222.913,6778557119035.3,204852746004342.84,3026655023645.397,6655563712622.349,-25779029.930254016,-232863947577.0311,-5.133227509447795e-32,-86903221601.8184,410.1632091278585
