t(s),Total retention volume 6,Total retention volume 7,Total retention volume 8,Total solute volume 6,Total solute volume 7,Total solute volume 8,Flux surface 10: solute,Flux surface 11: solute,Flux surface 13: solute,Flux surface 12: solute,Average T surface 10
10000.0,507738340514882.25,4826735197190.482,11128875008652.826,225370800318111.72,4826592839775.537,10917278073265.578,-42244250.14123195,6433686521.354902,4.0983177350662213e-32,-80854630073.11427,410.1632560140613
