t(s),Total retention volume 6,Total retention volume 7,Total retention volume 8,Total solute volume 6,Total solute volume 7,Total solute volume 8,Flux surface 10: solute,Flux surface 11: solute,Flux surface 13: solute,Flux surface 12: solute,Average T surface 10
10000.0,507738341188722.5,4827607450102.358,11128001924162.129,225370800352598.94,4827473244494.355,10925106892790.977,-42247882.08019855,6433687767.457734,4.1119295361336396e-32,-80854630073.13939,410.1632560140613
