t(s),Total retention volume 6,Total retention volume 7,Total retention volume 8,Flux surface 10: solute,Flux surface 11: solute,Flux surface 12: solute,Flux surface 14: solute,Flux surface 13: solute
10000.0,466693868107278.8,1823852636628.8176,3743747897653.039,-13952423.3719547,-197935763171.47177,-2384358.4937063158,-6.860474315232723e-32,-80877775304.48871
