t(s),Total retention volume 6,Total retention volume 7,Total retention volume 8,Total solute volume 6,Total solute volume 7,Total solute volume 8,Flux surface 10: solute,Flux surface 11: solute,Flux surface 13: solute,Flux surface 12: solute,Average T surface 10,Flux surface 14: solute
10000.0,468402706742568.06,1716393197464.1504,3482367151874.9424,216102377742280.47,1716339283427.9946,3398257486625.2544,-10879357.322484117,-226197427181.1586,-7.008805166157277e-35,-87406155288.50198,401.4469788015981,-2711761.5101916376
