t(s),Total retention volume 6,Total retention volume 7,Total retention volume 8,Total solute volume 6,Total solute volume 7,Total solute volume 8,Flux surface 10: solute,Flux surface 11: solute,Flux surface 12: solute,Flux surface 14: solute,Flux surface 13: solute,Average T surface 10,Flux surface 15: solute
0,1312444480896056.2,39774592281707.21,636014702933846.6,189513285882365.47,39773032520665.78,457839738972567.1,-75267623.34550704,-237533578503.3999,-1478129916.0221953,-0.23120221002919292,-67566480947.53803,399.26766865907825,-587614985.8081801
