t(s),Total retention volume 6,Total retention volume 7,Total retention volume 8,Total solute volume 6,Total solute volume 7,Total solute volume 8,Flux surface 10: solute,Flux surface 11: solute,Flux surface 12: solute,Flux surface 14: solute,Flux surface 13: solute,Average T surface 10,Flux surface 15: solute
0,1311290963484039.8,39774592108775.3,636014668828029.4,189513277961116.2,39773032347758.27,457839732838119.7,-75267623.3467088,-237533578501.78485,-1478129915.9520018,-2.668798132149078,-67566480946.7975,399.26766865907825,-587614985.6761714
