t(s),Total retention volume 6,Total retention volume 7,Total retention volume 8,Total solute volume 6,Total solute volume 7,Total solute volume 8,Flux surface 10: solute,Flux surface 11: solute,Flux surface 13: solute,Flux surface 12: solute,Average T surface 10
10000.0,210990941136607.72,1141784497922.0823,2478358437017.3726,110542162552093.2,1141750968503.7175,2431705598606.7437,-9163408.515281545,-240522542502.40994,-9.697623496054252e-32,-54361994143.522675,410.16332663909355
