t(s),Total retention volume 6,Total retention volume 7,Total retention volume 8,Total solute volume 6,Total solute volume 7,Total solute volume 8,Flux surface 10: solute,Flux surface 11: solute,Flux surface 13: solute,Flux surface 12: solute,Average T surface 10
10000.0,210990941238985.25,1141926330785.9324,2477999250126.5737,110542162556977.58,1141894719366.7112,2433266372644.182,-9163487.13880309,-240522556329.8525,-9.72688066828913e-32,-54361994143.52343,410.16332663909355
