t(s),Total retention volume 6,Total retention volume 7,Total retention volume 8,Total solute volume 6,Total solute volume 7,Total solute volume 8,Flux surface 10: solute,Flux surface 11: solute,Flux surface 12: solute,Flux surface 14: solute,Flux surface 13: solute,Average T surface 10,Flux surface 15: solute
0,469741921573962.0,7940788411806.763,94911993711119.34,104845427838751.6,7940488056111.907,78434547684437.25,-14329689.624728067,-224502605716.09027,-547392771.8852806,-0.11371449098423257,-41946440660.64004,395.6363698915197,-190327247.91808835
