t(s),Total retention volume 6,Total retention volume 7,Total retention volume 8,Flux surface 10: solute,Flux surface 11: solute,Flux surface 12: solute,Flux surface 14: solute,Flux surface 13: solute
10000.0,456813159316369.75,7837585980982.564,91372983851430.94,-17563155.73117934,-290374213595.1532,-159460381.81916818,-0.10635968449805037,-56652554014.13512
