t(s),Total retention volume 6,Total retention volume 7,Total retention volume 8,Total solute volume 6,Total solute volume 7,Total solute volume 8,Flux surface 10: solute,Flux surface 11: solute,Flux surface 12: solute,Flux surface 14: solute,Flux surface 13: solute,Average T surface 10
0,2168424192251572.0,158244425022711.66,3405236322190431.5,303520836803225.44,158238098722948.78,2013966685406884.2,-396536602.41593575,-253739518240.7799,-4332719396.535248,-21.785536073264513,-107210295114.23245,410.16315649996494
