t(s),Total retention volume 6,Total retention volume 7,Total retention volume 8,Total solute volume 6,Total solute volume 7,Total solute volume 8,Flux surface 10: solute,Flux surface 11: solute,Flux surface 12: solute,Flux surface 14: solute,Flux surface 13: solute,Average T surface 10,Flux surface 15: solute
0,219619225547237.7,2261387563178.2617,22833787450535.277,68398003465878.75,2261302768828.547,19954031122736.773,-3220978.90270572,-193546777103.6618,-230602409.67019314,-0.005278695681725305,-32813209478.14377,392.73067810115657,-62971873.33296752
