t(s),Total retention volume 6,Total retention volume 7,Total retention volume 8,Total solute volume 6,Total solute volume 7,Total solute volume 8,Flux surface 10: solute,Flux surface 11: solute,Flux surface 12: solute,Flux surface 14: solute,Flux surface 13: solute,Average T surface 10,Flux surface 15: solute
0,219620509262879.56,2261387563225.491,22833787456769.59,68398003473586.4,2261302768875.7563,19954031123752.395,-3220978.9027056056,-193546777103.6661,-230602409.67023233,-0.0007281136712917815,-32813209478.144566,392.73067810115657,-62971873.333008364
