t(s),Total retention volume 6,Total retention volume 7,Total retention volume 8,Total solute volume 6,Total solute volume 7,Total solute volume 8,Flux surface 10: solute,Flux surface 11: solute,Flux surface 12: solute,Flux surface 14: solute,Flux surface 13: solute,Average T surface 10
0,509682221365067.75,17422303752076.55,215788438251959.53,127930625171581.84,17421692048474.38,165752353785999.25,-42111765.93738003,-248566957768.472,-1380721304.9005713,-0.832422963306336,-55401164373.90178,410.16332663909355
