t(s),Total retention volume 6,Total retention volume 7,Total retention volume 8,Total solute volume 6,Total solute volume 7,Total solute volume 8,Flux surface 10: solute,Flux surface 11: solute,Flux surface 12: solute,Flux surface 14: solute,Flux surface 13: solute,Average T surface 10
100000.0,1441006750603365.8,124269708841837.45,802925114501055.5,420952976416355.5,124265779815863.66,778018574165044.2,-826883926.4144132,7584654396.084415,-28621323.13136969,7.518287502835289e-20,-126622519576.27905,410.16315649996494
