t(s),Total retention volume 6,Total retention volume 7,Total retention volume 8,Total solute volume 6,Total solute volume 7,Total solute volume 8,Flux surface 10: solute,Flux surface 11: solute,Flux surface 13: solute,Flux surface 12: solute,Average T surface 10
10000.0,725227386085169.4,6928781159649.144,15964611440701.158,321983526482199.3,6928588580351.087,15673689062389.766,-60584643.02988318,5777896760.1553135,1.0530544213602356e-31,-120313257721.7774,410.16315649996494
