t(s),Total retention volume 6,Total retention volume 7,Total retention volume 8,Total solute volume 6,Total solute volume 7,Total solute volume 8,Flux surface 10: solute,Flux surface 11: solute,Flux surface 12: solute,Flux surface 14: solute,Flux surface 13: solute,Average T surface 10,Flux surface 15: solute
0,1.0734939270520472e+16,7700669314967327.0,3.000926156957665e+17,697145531499055.8,7700239769776234.0,1.8812689108539245e+17,-26340786228.9248,6183753293.806611,-302388323.7269055,-7.632269005304085,-183445675753.599,404.35224265310666,1495377664.425364
