t(s),Total retention volume 6,Total retention volume 7,Total retention volume 8,Total solute volume 6,Total solute volume 7,Total solute volume 8,Flux surface 10: solute,Flux surface 11: solute,Flux surface 12: solute,Flux surface 14: solute,Flux surface 13: solute,Average T surface 10,Flux surface 15: solute
0,1.0534521810125088e+16,7700669130421696.0,3.0009260195535776e+17,697144030487545.0,7700239585253117.0,1.8812688039358963e+17,-26340786103.96882,6183753293.337081,-302388324.32487684,-234.96225605564916,-183445675626.23883,404.35224265310666,1495377656.4884462
