t(s),Total retention volume 6,Total retention volume 7,Total retention volume 8,Total solute volume 6,Total solute volume 7,Total solute volume 8,Flux surface 10: solute,Flux surface 11: solute,Flux surface 12: solute,Flux surface 14: solute,Flux surface 13: solute,Average T surface 10
0,1681187360338121.8,104213414988621.22,2005525347386877.5,257705913434788.38,104209363385238.36,1252520565515442.0,-273495477.8151434,-243555869362.48544,-3590456584.064927,-13.337869234049561,-89973515754.19614,410.1632091278585
