t(s),Total solute volume 6,Total 1 volume 6,Total 2 volume 6,Total retention volume 6,Total solute volume 7,Total 1 volume 7,Total 2 volume 7,Total retention volume 7,Total solute volume 8,Total 1 volume 8,Total 2 volume 8,Total retention volume 8,Flux surface 12: solute,Flux surface 11: solute,Flux surface 13: solute,Flux surface 14: solute,Flux surface 9: solute,Flux surface 15: solute,Flux surface 10: solute
3000.0,185070013454.43567,17734507319282.906,132450589439516.22,150370166772252.25,-205359051765.00104,0.0,-10459738.025206294,-205369511503.02658,2112682570378.9927,2961.5230026874483,165728199274.2193,2278410772614.737,6922100.736614778,-3400046.4776861663,-339801.2562714062,-193.6623518400117,-2293496.7040792936,-5113706.653601658,-76022987.2738743
6300.0,185013688411.6616,17729108698099.223,132410309887902.44,150324432274411.16,-108528061181.57574,0.0,-5527757.741458608,-108533588939.31729,1840776362385.9802,2961.5230026874483,144398696719.36002,1985175062066.8633,3413051.6402429477,-3398123.802267554,-339457.9827256681,-192.64705819534277,-2276228.7454893156,-5155711.061026708,-51706833.25620899
9930.0,184951851935.14008,17723183175737.867,132366057662194.22,150274192689866.6,-31341188152.52643,0.0,-1596329.0373869913,-31342784481.563793,1616964929931.165,2961.5230026874483,126841959188.38063,1743806892081.066,692050.3510949793,-3396035.320742625,-339083.93552852754,-191.5523929750403,-2257744.001917021,-4995257.612495013,-39099692.46045462
