t(s),Total retention volume 6,Total retention volume 7,Total retention volume 8,Total solute volume 6,Total solute volume 7,Total solute volume 8,Flux surface 10: solute,Flux surface 11: solute,Flux surface 13: solute,Flux surface 12: solute,Average T surface 10
10000.0,146728736608069.28,627465037145.9376,1323312568968.7505,80798228684761.27,627446637913.9476,1298479956019.477,-4897456.396607068,-228692415970.79022,3.9342315303120494e-33,-43030169481.144646,410.1634399793333
