t(s),Total retention volume 6,Total retention volume 7,Total retention volume 8,Total solute volume 6,Total solute volume 7,Total solute volume 8,Flux surface 10: solute,Flux surface 11: solute,Flux surface 13: solute,Flux surface 12: solute,Average T surface 10
10000.0,146728736655440.03,627532495010.5631,1323095086035.3206,80798228686971.84,627515147877.881,1299284633600.8462,-4897406.258818596,-228692425487.48596,3.945136288158707e-33,-43030169481.14484,410.1634399793333
