t(s),Total retention volume 6,Total retention volume 7,Total retention volume 8,Total solute volume 6,Total solute volume 7,Total solute volume 8,Flux surface 10: solute,Flux surface 11: solute,Flux surface 12: solute,Flux surface 14: solute,Flux surface 13: solute,Average T surface 10,Flux surface 15: solute
0,5884848643659250.0,4551562053429440.0,1.9862053824027715e+17,274234908673629.34,4551288741205530.0,1.3998093328570275e+17,-10928395875.806894,6094290016.608134,106816745.49207398,-80.09397109916434,-60795132477.65072,395.6363698915197,1851569069.2466402
