t(s),Total retention volume 6,Total retention volume 7,Total retention volume 8,Total solute volume 6,Total solute volume 7,Total solute volume 8,Flux surface 10: solute,Flux surface 11: solute,Flux surface 12: solute,Flux surface 14: solute,Flux surface 13: solute,Average T surface 10,Flux surface 15: solute
0,5884848643659257.0,4551562053429430.0,1.9862053824027165e+17,274234908673629.5,4551288741205522.0,1.399809332857025e+17,-10928395875.803617,6094290016.612139,106816745.49390797,-80.09397109916429,-60795132477.650665,395.6363698915197,1851569069.2479053
