t(s),Total retention volume 6,Total retention volume 7,Total retention volume 8,Total solute volume 6,Total solute volume 7,Total solute volume 8,Flux surface 10: solute,Flux surface 11: solute,Flux surface 12: solute,Flux surface 14: solute,Flux surface 13: solute,Average T surface 10
100000.0,1403303337771176.0,87820299756853.88,554073876145303.0,452311593547768.56,87817537169531.36,537192210482027.7,-579087353.7259024,-245239883773.56915,-1638179972.863729,8.59743104270307e-20,-155142014628.4278,410.1632709476096
