t(s),Total retention volume 6,Total retention volume 7,Total retention volume 8,Total solute volume 6,Total solute volume 7,Total solute volume 8,Flux surface 10: solute,Flux surface 11: solute,Flux surface 13: solute,Flux surface 12: solute,Average T surface 10
10000.0,782407036352901.4,6486253568440.186,14745482402820.295,365672831936820.56,6486073456186.481,14477355305526.174,-57582150.09148363,-235811213659.8978,-1.3409411206175058e-31,-149649928345.60114,410.16327094760965
