t(s),Total retention volume 6,Total retention volume 7,Total retention volume 8,Total solute volume 6,Total solute volume 7,Total solute volume 8,Flux surface 10: solute,Flux surface 11: solute,Flux surface 13: solute,Flux surface 12: solute,Average T surface 10
10000.0,290173194866782.25,2796789227519.1846,6423889997234.52,128803239997209.55,2796711473552.5366,6306752632697.85,-25547048.24060967,4947094677.474637,1.3402972812325615e-31,-48879656826.117714,410.1634918741686
