t(s),Total retention volume 6,Total retention volume 7,Total retention volume 8,Total solute volume 6,Total solute volume 7,Total solute volume 8,Flux surface 10: solute,Flux surface 11: solute,Flux surface 13: solute,Flux surface 12: solute,Average T surface 10
10000.0,290173194470597.0,2796287431735.9907,6424392280940.692,128803239977125.14,2796204954655.5503,6302231003637.111,-25544760.618081626,4947093428.587661,1.3361353664123355e-31,-48879656826.103714,410.1634918741686
