t(s),Total retention volume 6,Total retention volume 7,Total retention volume 8,Total solute volume 6,Total solute volume 7,Total solute volume 8,Flux surface 10: solute,Flux surface 11: solute,Flux surface 12: solute,Flux surface 14: solute,Flux surface 13: solute,Average T surface 10,Flux surface 15: solute
0,838894634959586.8,19605324357615.164,270960463539781.5,145746937109750.47,19604571320973.33,209774578364721.25,-37579442.11364045,-236580286092.60394,-970316861.1754692,-0.7538880993803707,-54423398952.30091,397.711416366669,-350897395.48018026
