t(s),Total retention volume 6,Total retention volume 7,Total retention volume 8,Total solute volume 6,Total solute volume 7,Total solute volume 8,Flux surface 10: solute,Flux surface 11: solute,Flux surface 12: solute,Flux surface 14: solute,Flux surface 13: solute,Average T surface 10,Flux surface 15: solute
0,839178007219137.0,19605324388784.09,270960469136727.9,145746938993918.1,19604571352137.758,209774579345812.22,-37579442.11346768,-236580286093.11517,-970316861.190099,-0.0737883272428786,-54423398952.4784,397.711416366669,-350897395.5044943
