t(s),Total retention volume 6,Total retention volume 7,Total retention volume 8,Flux surface 10: solute,Flux surface 11: solute,Flux surface 12: solute,Flux surface 14: solute,Flux surface 13: solute
10000.0,180054710787310.97,241927241582.57837,425735789229.8301,-1322274.2123876167,-195051938195.88956,-618675.5557831622,-2.6882217869160644e-34,-33249208293.631
