t(s),Total retention volume 6,Total retention volume 7,Total retention volume 8,Total solute volume 6,Total solute volume 7,Total solute volume 8,Flux surface 10: solute,Flux surface 11: solute,Flux surface 13: solute,Flux surface 12: solute,Average T surface 10,Flux surface 14: solute
10000.0,181451124508972.06,222783196467.9856,387798644195.56696,90749363374140.39,222775824814.37094,376345889143.78656,-1011154.412625917,-215303362097.47992,2.883483119062499e-35,-43843483362.3368,395.6361115700174,-758609.1618336692
