t(s),Total retention volume 6,Total retention volume 7,Total retention volume 8,Total solute volume 6,Total solute volume 7,Total solute volume 8,Flux surface 10: solute,Flux surface 11: solute,Flux surface 13: solute,Flux surface 12: solute,Average T surface 10,Flux surface 14: solute
10000.0,181451124526665.84,222814330459.55872,387718148171.3144,90749363374516.7,222807402274.46912,376753717286.3031,-1011654.7960520698,-215303364604.6974,2.8918246228934904e-35,-43843483362.3368,395.6361115700174,-759748.2192440003
