t(s),Total retention volume 6,Total retention volume 7,Total retention volume 8,Total solute volume 6,Total solute volume 7,Total solute volume 8,Flux surface 10: solute,Flux surface 11: solute,Flux surface 13: solute,Flux surface 12: solute,Average T surface 10
10000.0,90303630265047.45,258961436143.7937,522706522236.65894,53514272778235.47,258953862809.12225,512955787510.9928,-2114661.529584837,-207277240301.13324,4.476305524434537e-33,-32280505687.932182,410.1634918741686
