t(s),Total retention volume 6,Total retention volume 7,Total retention volume 8,Total solute volume 6,Total solute volume 7,Total solute volume 8,Flux surface 10: solute,Flux surface 11: solute,Flux surface 13: solute,Flux surface 12: solute,Average T surface 10
10000.0,90303630280143.11,258983746010.74298,522606376560.0262,53514272778920.07,258976605361.63718,513257050635.0061,-2114599.4080107696,-207277245222.15912,4.48917977269808e-33,-32280505687.932205,410.1634918741686
