t(s),Total retention volume 6,Total retention volume 7,Total retention volume 8,Total solute volume 6,Total solute volume 7,Total solute volume 8,Flux surface 10: solute,Flux surface 11: solute,Flux surface 12: solute,Flux surface 14: solute,Flux surface 13: solute,Average T surface 10
0,8061432713141393.0,5797701796465027.0,2.0933578509244397e+17,657550581652299.6,5797392052249481.0,1.2333280976179818e+17,-24754855998.538143,6198575891.996842,1332449362.5744572,-243.4276560889749,-179419780464.27795,410.1632709476096
