t(s),Total retention volume 6,Total retention volume 7,Total retention volume 8,Total solute volume 6,Total solute volume 7,Total solute volume 8,Flux surface 10: solute,Flux surface 11: solute,Flux surface 12: solute,Flux surface 14: solute,Flux surface 13: solute,Average T surface 10
0,4044283103026184.0,2900582891288967.5,1.0472694061490658e+17,328781086511460.5,2900427919889494.0,6.17097085031734e+16,-12358811309.22083,9551730963.266685,1181337969.2426655,-122.41322041292915,-86979830668.62027,410.1632560140613
