t(s),Total retention volume 6,Total retention volume 7,Total retention volume 8,Total solute volume 6,Total solute volume 7,Total solute volume 8,Flux surface 10: solute,Flux surface 11: solute,Flux surface 13: solute,Flux surface 12: solute,Average T surface 10,Flux surface 14: solute
10000.0,421896682392124.06,947539115539.343,1828963639174.6807,171584116019482.75,947507572223.5652,1773303719890.7026,-4634771.933475028,4869807858.46768,1.9977379301986985e-34,-59633550189.94043,395.6361115700174,6820831.132889081
