t(s),Total retention volume 6,Total retention volume 7,Total retention volume 8,Flux surface 10: solute,Flux surface 11: solute,Flux surface 12: solute,Flux surface 14: solute,Flux surface 13: solute
10000.0,421820291849842.8,1023408396620.6508,2007366857361.958,-6011169.119648672,3039271205.160421,7812225.9389226725,-2.680647324891921e-33,-48052159408.912155
