t(s),Total retention volume 6,Total retention volume 7,Total retention volume 8,Total solute volume 6,Total solute volume 7,Total solute volume 8,Flux surface 10: solute,Flux surface 11: solute,Flux surface 13: solute,Flux surface 12: solute,Average T surface 10,Flux surface 14: solute
10000.0,421896682503673.44,947721820091.5735,1828780822238.3289,171584116021866.9,947692177648.6566,1775492947889.043,-4637847.0653500445,4869807670.783478,2.003652564509584e-34,-59633550189.94059,395.6361115700174,6821620.290860682
