t(s),Total retention volume 6,Total retention volume 7,Total retention volume 8,Total solute volume 6,Total solute volume 7,Total solute volume 8,Flux surface 10: solute,Flux surface 11: solute,Flux surface 13: solute,Flux surface 12: solute,Average T surface 10
10000.0,652637790416125.4,6252884176036.651,14405058548982.871,289761171583974.94,6252699787872.723,14131260357953.574,-54658148.16269966,3742152664.9755273,-3.584510557942301e-31,-105101528951.79857,410.1632091278585
