t(s),Total retention volume 6,Total retention volume 7,Total retention volume 8,Total solute volume 6,Total solute volume 7,Total solute volume 8,Flux surface 10: solute,Flux surface 11: solute,Flux surface 13: solute,Flux surface 12: solute,Average T surface 10
10000.0,652637791297389.5,6254011600957.514,14403930037261.111,289761171629109.9,6253837770665.668,14141391398691.137,-54662892.489174336,3742154123.9694047,-3.595918905680869e-31,-105101528951.8308,410.1632091278585
