t(s),Total retention volume 6,Total retention volume 7,Total retention volume 8,Total solute volume 6,Total solute volume 7,Total solute volume 8,Flux surface 10: solute,Flux surface 11: solute,Flux surface 13: solute,Flux surface 12: solute,Average T surface 10,Flux surface 14: solute
10000.0,250313970103439.4,475981431662.68384,880781047156.364,121014931645971.14,475966904372.9048,857642798425.6228,-2439125.5342778414,-220589652891.05792,1.8683479761565596e-35,-53396959449.667854,397.7113622977678,-1393847.098055173
