t(s),Total retention volume 6,Total retention volume 7,Total retention volume 8,Flux surface 10: solute,Flux surface 11: solute,Flux surface 12: solute,Flux surface 14: solute,Flux surface 13: solute
10000.0,249251456658009.9,512510957410.6563,959799450310.179,-3123878.487608395,-205906109219.6292,-840372.7302822522,-2.5135753806273726e-34,-48086404726.27419
