t(s),Total retention volume 6,Total retention volume 7,Total retention volume 8,Total solute volume 6,Total solute volume 7,Total solute volume 8,Flux surface 10: solute,Flux surface 11: solute,Flux surface 13: solute,Flux surface 12: solute,Average T surface 10,Flux surface 14: solute
10000.0,250313970060264.44,475909503819.7486,880936288933.9006,121014931644907.98,475894054627.5959,856773754634.7632,-2438166.6499562287,-220589648547.28424,1.8622773514670528e-35,-53396959449.66784,397.7113622977678,-1391922.119448073
