t(s),Total retention volume 6,Total retention volume 7,Total retention volume 8,Total solute volume 6,Total solute volume 7,Total solute volume 8,Flux surface 10: solute,Flux surface 11: solute,Flux surface 12: solute,Flux surface 14: solute,Flux surface 13: solute,Average T surface 10,Flux surface 15: solute
0,7459393617604223.0,5473989991963464.0,2.2376985555490915e+17,415474327129924.4,5473674874778864.0,1.476168257414417e+17,-15500992362.605947,6830075784.378135,-726964983.474548,-4.771248158038639,-100016787626.60805,400.4783772314533,1642538769.145811
