t(s),Total retention volume 6,Total retention volume 7,Total retention volume 8,Total solute volume 6,Total solute volume 7,Total solute volume 8,Flux surface 10: solute,Flux surface 11: solute,Flux surface 12: solute,Flux surface 14: solute,Flux surface 13: solute,Average T surface 10,Flux surface 15: solute
0,7325602685121743.0,5473989880455189.0,2.2376984747360902e+17,415473423505265.5,5473674763284212.0,1.4761681896885216e+17,-15500992287.184324,6830075783.9402275,-726964982.1917078,-131.65994903989227,-100016787555.55106,400.4783772314533,1642538760.6525764
