t(s),Total retention volume 6,Total retention volume 7,Total retention volume 8,Total solute volume 6,Total solute volume 7,Total solute volume 8,Flux surface 10: solute,Flux surface 11: solute,Flux surface 13: solute,Flux surface 12: solute,Average T surface 10
10000.0,579960686234791.0,5581053168554.585,12852441010015.762,257591006037898.53,5580898025544.925,12618109995345.537,-49971037.15847767,3992923891.517586,-2.036903703079907e-32,-87799797753.65979,410.16360718732307
