t(s),Total retention volume 6,Total retention volume 7,Total retention volume 8,Total solute volume 6,Total solute volume 7,Total solute volume 8,Flux surface 10: solute,Flux surface 11: solute,Flux surface 13: solute,Flux surface 12: solute,Average T surface 10
10000.0,579960685438775.5,5580047097679.297,12853448060609.73,257591005997397.56,5579882531261.596,12609066912964.006,-49966662.13139924,3992922278.470679,-2.0315570992106997e-32,-87799797753.6316,410.16360718732307
