t(s),Total retention volume 6,Total retention volume 7,Total retention volume 8,Flux surface 10: solute,Flux surface 11: solute,Flux surface 12: solute,Flux surface 14: solute,Flux surface 13: solute
10000.0,347903724258038.9,553028197512.8765,1030697643215.641,-2704468.652682314,5879887248.800908,4789679.247088288,1.7315629338597367e-34,-39761870765.000626
