t(s),Total retention volume 6,Total retention volume 7,Total retention volume 8,Total solute volume 6,Total solute volume 7,Total solute volume 8,Flux surface 10: solute,Flux surface 11: solute,Flux surface 13: solute,Flux surface 12: solute,Average T surface 10,Flux surface 14: solute
10000.0,347878843767883.44,534064319950.42206,976883267611.5524,139120467440008.42,534046045228.55695,943866736932.6322,-2137947.9102130425,6275046134.472182,-4.1940418338989375e-35,-44043856080.52225,392.7307519834665,4743156.745666617
