t(s),Total retention volume 6,Total retention volume 7,Total retention volume 8,Total solute volume 6,Total solute volume 7,Total solute volume 8,Flux surface 10: solute,Flux surface 11: solute,Flux surface 13: solute,Flux surface 12: solute,Average T surface 10,Flux surface 14: solute
10000.0,347878843829971.0,534167783950.2193,976779741439.1361,139120467441066.89,534150622972.4462,945179931978.0824,-2139911.157295053,6275045894.827531,-4.205485780912262e-35,-44043856080.52222,392.7307519834665,4743798.3417511955
