t(s),Total retention volume 6,Total retention volume 7,Total retention volume 8,Total solute volume 6,Total solute volume 7,Total solute volume 8,Flux surface 10: solute,Flux surface 11: solute,Flux surface 12: solute,Flux surface 14: solute,Flux surface 13: solute,Average T surface 10
0,4340574716162319.0,536489675607073.94,1.5683102459694614e+16,489813179752833.4,536466331002709.25,8038926434504530.0,-1421868077.5367355,-247447377197.39514,-7405495477.731221,-71.86387291490279,-156944982417.216,410.1632709476096
